0	Flatten both skis to slip sideways, then edge again to stop — neither a locked edge nor a free slide.	把两只板放平向侧下方滑，再立刃停住——既不是锁死立刃，也不是失控下滑。
1	Flex and extend to surface the skis	靠蹲伸让雪板浮起
2	Flex for rhythm	膝屈伸给节奏
3	Flex into the turn	入弯降重心
4	Flex-and-extend rhythm	蹲伸节奏练习
5	Follow	跟拍
6	Follow camera	跟拍机位
7	Follow-cam; one alpine skier in frame.	跟拍手机，画面尽量只框一名双板滑者。
8	For your profile	针对你的情况
9	Format	格式
10	Four posture scores are coach heuristics (0–100), not lab biomechanics; they are not true speed, meter turn radius, or peak ski pressure.	姿态四维为教练经验估分评分（0–100），非实验室生物力学测量；不含真实滑行速度、转弯半径米制或板底峰值压力。
11	Frame locator JSON copied	已复制帧定位 JSON
12	From a gentle traverse, pivot both skis across the hill and set the edges to a stop.	从缓坡斜滑降开始，双板同时横切并立刃停下。
13	From a traverse, pressure the outside ski through a small C, then switch sides.	斜滑降开始，外侧加压划小 C，再换另一侧。
14	From the skid branch: absorb and stay on snow; do not jump.	从搓雪枝进入：先吸收贴雪，不要跳。
15	Front view	正面视角
16	Frontal	正面
17	Gate	关键项
18	Gate metrics decide advancement; the rest are diagnostic.	关键项决定能否升级，其余为参考项。
19	Gates passed	已通过关键项
20	Gender	性别
21	Gentle-slope wedge brake	缓坡犁式制动
22	Glide straight in a wedge and stop on purpose.	用犁式板形直线下山并主动停下。
23	Goal	目标
24	Grant camera access to run pose tracking.	请允许相机权限以进行姿态跟踪。
25	Green	绿道
26	Green run	绿道
27	Groomed-run recreational alpine	平整雪道大众滑行
28	Hands in view	双手在身前
29	Hands low	手低
30	Hard rule	硬性规则
31	Hardpack	硬雪
32	Height	身高
33	Heuristic inclination and parallel stance, not FIS. Learn one-ski first.	经验估分内倾与平行，非 FIS。最好先掌握单脚滑。
34	Heuristic score (0-100, not FIS)	经验评分（0-100，非 FIS）
35	Heuristic: steer with the legs — rotate the femurs so the ski tips turn while the torso stays quiet.	经验提示：用腿转向——髋内旋带动板头转向，上身保持安静。
36	Higher cadence without losing inclination.	频率升高仍保持内倾。
37	Hip internal-rotation steering	髋内旋导向
38	Hips or ankles are missing in much of the clip.	本段大部分画面缺少髋或踝关键点。
39	Hips over the feet	髋在脚上方
40	Hips over the feet; pressure into the ski.	髋在脚上方，压力送到板刃。
41	Hockey stop	冰球刹
42	Hockey-stop capacity	冰球刹能力
43	Hold a clean edge on hardpack: edge early, change edges quickly, no braking scrape.	在硬雪或冰面上保持干净的立刃：提早立刃、换刃迅速、不靠搓雪刹车。
44	How to advance	如何进入下一阶段
45	How to film	拍摄说明
46	Ice	冰面
47	Ideal terrain	理想地形
48	If not advancing, train toward	若未进阶，按下述目标训练
49	Import	导入
50	Import failed	导入失败
51	Import…	导入…
52	In	入点
53	In {lo:.1f}s → out {hi:.1f}s (logical, original file unchanged)	入点 {lo:.1f}s → 出点 {hi:.1f}s（逻辑裁剪，不改原文件）
54	Inclination	内倾
55	Inclination into the turn	向弯心内倾
56	Indoors or flat ground for stance and single-leg strength.	室内或平地，练站姿和单腿力量。
57	Injury risk	受伤风险
58	JPEG (*.jpg)	JPEG (*.jpg)
59	Keep pole tips low and hands in front of the body, about waist to mid-torso, to time left–right turns.	杖尖放低，手在身前约腰至胸中，给左右转弯节拍。
60	Keep the arc round with both skis working; do not throw the skis sideways.	保持弧形圆顺、两只板一起工作；不要把雪板横甩出去。
61	Keep the camera steady — shaky or wild motion prevents a reliable stage assessment.	保持镜头稳定——剧烈晃动会导致阶段无法可靠判定。
62	Key points	动作要点
63	Knee absorption travel	缓冲幅度
64	Knee flex cadence matches the bumps.	膝屈伸节奏与雪包合拍。
65	Knee flex range	膝屈伸幅度
66	Knee flex rate	膝屈伸频率
67	Knee tracking	膝走向
68	Knees track	膝不内扣
69	Knees track over the toes; don't let the knees collapse inward.	膝沿脚尖方向；不要让膝盖向内塌。
70	Landmark quality	关节点质量
71	Landmark quality {pct:.0f}%	关节点质量 {pct:.0f}%
72	Language	语言
73	Large knee travel; stay on snow rather than jumping.	膝屈振幅大，贴雪而不是跳。
74	Left	左
75	Left {left} · right {right}	左 {left} · 右 {right}
76	Leading candidate	领先候选
77	Left-right asymmetry	左右不对称
78	Left-right turns, not a straight schuss.	有左右转向，不是一条直线冲坡。
79	Legs and hips steer; do not use the shoulders as a steering wheel.	用腿和髋改变板向，肩不要当方向盘。
80	Legs move; the torso stays quieter.	腿动、上身相对安静。
81	Let the legs do the work.	让腿做功。
82	Label skis	标注雪板
83	Optional: use Label skis on key frames before Start analysis.	可选：在「开始分析」前，用「标注雪板」在关键帧上标左右板头板尾。
84	Like	Like
85	Likely cause	可能原因
86	Link bumps near the fall line with less traversing.	少横切，沿落差线连贯过包。
87	Linked absorption near the fall line. No air score.	少横切的连续吸收。不评空中。
88	Linked parallel turns with an even rhythm, a flex-and-extend move, and a pole touch at every edge change.	连贯的平行式转弯：节奏均匀、蹲伸配合，每次换刃点一次雪杖。
89	Linked short skids on parallel skis; mixed edge and skid is acceptable.	平行板快速左右转换控速，允许刃搓混合。
90	Linked turns	连续转向
91	Locked	未解锁
92	Locked because	未解锁原因
93	Long-radius carve	大弯刻滑
94	Look downhill	视线看山下
95	Looks like	看起来像
96	Low hands and pole rhythm	手低点杖节奏
97	MM/dd/yyyy	yyyy/MM/dd
98	MP4 (*.mp4)	MP4 (*.mp4)
99	Male	男
100	Mark in	入点
101	Mark out	出点
102	Match {fit:.0f}% · gates {gate:.0f}% · prior {prior:.0f}%	吻合度 {fit:.0f}% · 关键项 {gate:.0f}% · 先验 {prior:.0f}%
103	Matched skis and separation. After passing, choose short skids or long-radius carve.	双板平行，上下分离。过关后可选搓雪或刻滑大弯。
104	Mean stance between a full wedge and parallel.	平均站距介于大犁与平行之间。
105	Mean turn {sec:.2f}s	平均每弯 {sec:.2f} 秒
106	Measured	实测
107	Media (*.mp4 *.mov *.avi *.mkv *.webm *.jpg *.jpeg *.png *.webp *.bmp)	Media (*.mp4 *.mov *.avi *.mkv *.webm *.jpg *.jpeg *.png *.webp *.bmp)
108	Medium-radius carve	中弯刻滑
109	Medium-radius edge change	中弯换刃
110	Medium-turn cadence	中弯频率
111	Missing	缺少
112	Missing model {path}. Run: python scripts/download_pose_landmarker.py	缺少模型 {path}。请先运行：python scripts/download_pose_landmarker.py
113	Moderate groomed blue run; for parallel, skids, and long-radius carve.	中等平整蓝道；适合平行、搓雪与大弯刻滑。
114	Mogul	雪包
115	Mogul absorption	雪包滑行（吸收）
116	Mogul fall-line	雪包落差线
117	Mogul field	雪包区
118	Mogul skiing	雪包滑行
119	Moguls	雪包
120	Most turns finish with a shaped arc; a slip to recover is fine, a slipped descent is not.	多数转弯要走出弧形；偶尔侧滑找回节奏可以，一路横滑下坡不行。
121	Name	姓名
122	Needs a scene fact	需补充场地信息
123	Needs a scene fact before it can be detected.	需要补充场地信息才能自动识别。
124	Needs the {name} checkpoint	需先通过“{name}”要点
125	Needs work	需改进
126	Needs {name} first	需先过{name}
127	Never ski off-piste alone; avoid avalanche terrain and sidecountry, and keep a partner in sight.	不要独自滑野雪；避开雪崩地形与界外区域，始终与同伴保持在视线内。
128	New profile	新建档案
129	Next stage	下一阶段
130	Next stage: {names}	下一阶段：{names}
131	Next steps	下一步
132	No box	未框选
133	No braking scrape	不靠搓雪刹车
134	No camera found. On the emulator, use a virtual scene or webcam.	未找到相机。模拟器请启用虚拟场景或电脑摄像头。
135	No linked turns were detected in this clip.	本段没有检测到连续转弯。
136	No linked turns were detected, so turn-by-turn checkpoints are not scored. Film several linked turns.	未检测到连续转弯，逐弯要点不评分。请拍几个连续转弯。
137	No pose	未检测到姿态
138	No preview	无预览
139	No stage report yet. Analyze a clip offline first.	暂无阶段报告。请先离线分析视频。
140	No terrain suggestion at this stage; use the runs you already ski well.	本阶段不指定地形；在你已经滑得好的雪道上练。
141	No turns were segmented in this clip.	这段视频没有切分出完整的转弯。
142	Non-slip floor; a handhold nearby helps.	防滑地面，旁边有扶手更好。
143	Not applicable	不适用
144	Not applicable at this age.	该年龄段不适用。
145	Not judged from a clip	视频无法判定
146	Not measured	未测得
147	Not measured in this clip.	本段未测到。
148	Not passed — train the lowest-scoring checkpoint.	尚未过关：按得分最低的要点训练。
149	Not rated	未评级
150	Not set	未填写
151	Not sure	不确定
152	Not yet	未达标
153	Note	提示
154	Nothing could be measured for this stage in this clip; re-film before training to a number.	本段测不出该阶段的任何指标；请先重拍，再按数据训练。
155	OK	确定
156	Off-piste	野雪
157	Off-piste (inside the resort boundary)	野雪（雪场界内）
158	Off-piste and soft snow	野雪与松软雪
159	Ollie	豚跳
160	On a green run, stand across the hill, flatten both skis to slip, then edge to stop; ten repeats each way.	在初级道上横向站好，放平两只板开始侧滑，再立刃停住；每侧十次。
161	On a short steep section, pivot-slip eight times; link short turns only once the upper body stays quiet.	在一小段陡坡上做八次转板侧滑；只有上身保持安静后再连成小回转。
162	On land: athletic stance, rotate the femurs to turn the toes, keep the shoulders still.	陆上模拟：微屈站，左右髋内旋带动脚尖，肩不动。
163	One cell per turn along the clip. Flagged turns are highlighted; click a turn to jump to it.	按时间顺序每个方块代表一个弯，标记出的是有问题的弯；点击方块可跳转到该弯。
164	One-ski / outside-leg drill	单脚滑 / 外侧腿
165	Only try boxes, rails, or jumps with a coach, a helmet, and a supervised park.	只在有教练、戴头盔且受监管的公园尝试箱、杆或跳台。
166	Only {count} turns were detected; film at least 8 linked turns for a rhythm score.	只检测到 {count} 个转弯；要评节奏请拍至少 8 个连续转弯。
167	Open the report on the player page to jump to this frame.	请在播放页打开报告以跳到该帧。
168	Open the tails and edge to a stop; do not sit down.	推开板尾并立刃急停；不要一屁股坐下。
169	Open then close	入弯犁出弯收
170	Ordered for your weakest metric first: {metric}	已按你最弱的指标优先排序：{metric}
171	Other	其他
172	Out	出点
173	Out point must be after in point.	出点必须晚于入点。
174	Outside-ski center of mass	换外侧重心
175	Packed	压实雪
176	Packed powder	压实粉雪
177	Panning	摇镜
178	Panning camera	摇摄机位
179	Parallel skiing	平行式滑雪
180	Parallel stance	平行板距
181	Parallel-ski emergency stop; required braking skill before short skidded turns.	平行板急停；进入搓雪小弯前的必过刹车技能。
182	Park	公园
183	Park / jumps	公园/跳台
184	Park skiing	公园滑行
185	Pass	通过
186	Passed this level. Choose a next level on the skill tree.	已过关，可选下一阶段（技能树分叉）。
187	Pause	暂停
188	Pending	待定
189	Pick a branch, film your own skiing, and run your own practice cycle.	选定一个方向，拍摄自己的滑行，建立自己的训练循环。
190	Pick the gentlest pitch; avoid ice and crowded runouts.	选最缓的坡，避开冰面和拥挤出口。
191	Piste	雪道
192	Pivot both skis under a quiet upper body, slip a short distance, then pivot back.	在安静的上身下方把两只板转过来，短距离侧滑后再转回去。
193	Pivot-slip on a steep pitch	陡坡原地转板侧滑
194	Play	播放
195	Pole touch every turn	每个转弯点一次雪杖
196	Pole touch per turn	每弯点杖
197	Pole touch timing	点杖时机
198	Poles and hands	雪杖与手位
199	Poses: {count}	姿态：{count}
200	Possible stage	可能级别
201	Possible stage — confidence is below the gate, so both candidates are shown.	可能级别——置信度低于门槛，因此同时列出两个候选级别。
202	Powder	粉雪
203	Powder and soft snow	粉雪与松软雪
204	Practice inclination on blue before moving to red; drop to an easier pitch when form fades.	先在蓝道练内倾再上红道；动作变形时降到更缓的坡。
205	Prefer fewer people and softer snow; shallower turns on ice.	人少、雪软一点更好；冰面减小弯深。
206	Pressure peak in the turn	压力峰值位置
207	Pressure peaks in the shaping phase	压力峰值出现在转弯中段
208	Problem frame	问题帧
209	Processing	处理中
210	Profile	正侧面
211	Profile view	侧面视角
212	Progression rung — not judged from a clip.	进阶阶梯中的一环，视频无法判定。
213	Purpose	目的
214	Put the gear on, walk on the flat, glide a few metres, and get up after a fall.	穿好装备，在平地上行走，滑出几米，摔倒后能自己站起来。
215	Quarter	斜侧面
216	Quick edge change on firm snow	硬雪上迅速换刃
217	Quick left-right; no long traverse.	快速左右转换，不要长横切。
218	Quiet shoulders	肩静
219	Quiet upper body	上身静
220	Quiet, easy green run — master the wedge stop first.	安静缓坡绿道——先掌握犁式制动。
221	Race	竞速
222	Race gates	竞技旗门
223	Re-film	请重拍
224	Re-film this stage so its checkpoints can be measured.	请重拍本阶段，以便测量各项要点。
225	Reach the standard on {name} to advance.	{name}达到标准即可进阶。
226	Reach the standard on {name}, then move to {next}.	{name}达到标准后，再进入{next}。
227	Read the terrain and pick a line in crud, cut-up snow and gladed trees. Inside the resort boundary only.	在烂雪、被翻过的雪面和林间稀疏树区里读地形、选线路。仅限雪场界内。
228	Reanalyze	重新分析
229	Reason	原因
230	Record	录制
231	Record at least one person box.	请至少记录一帧人物框。
232	Record box	记录此帧
233	Recorded boxes	已记录的框
234	Red (steep groomed) run	红道（较陡平整道）
235	Release both edges to slip sideways, then re-set them to stop; the torso keeps facing downhill.	同时放平两只板的立刃，向侧下方侧滑，再立刃停住；上身始终朝向山下。
236	Reliability {pct:.0f}%	可信度 {pct:.0f}%
237	Report	分析报告
238	Research notes (from knowledge base)	调研说明（知识库）
239	Retry	重试
240	Rhythm and turn shape	节奏与弧形
241	Rhythm evenness	节奏均匀度
242	Rhythm variation {cv:.0f}%	节奏波动 {cv:.0f}%
243	Right	右
244	Round bumps, an open line, visible troughs; do not force a black run.	包圆、线空、能看到沟；不要为了黑道硬上。
245	Round long-radius turns	大弯走圆
246	Round turns in soft snow	松软雪中转弯要圆
247	Round, progressive long turns with parallel skis and inclination — coach heuristic, not a race carve score.	平行板内倾做圆顺大弯——教练经验估分，非竞速刻滑得分。
248	Round, shallow bumps; absorb in a straight line first.	圆而浅的包，先直滑吸收。
249	Runner-up	次匹配
250	Safety	安全
251	Saved profile	已存档案
252	Scorable from the clip	可从视频评分
253	Scoring rules (from knowledge base)	评分口径（知识库）
254	Select the person	选择运动员
255	Separated by	区分依据
256	Session plan for this stage	本阶段课时安排
257	Set aside because	排除原因
258	Set the edge above the fall line so the ski grips before it points down the hill.	在过落差线之前就立好刃，让雪板先咬住雪面再指向坡下。
259	Sets of 8–12 bumps; stop when form fades.	八到十二个包一组，累了就停。
260	Setup	准备
261	Sex is used only for fit guidance and the injury note; it never changes a score.	性别只用于装备贴合建议和受伤提示，绝不影响评分。
262	Shallow C-turns while the wedge still brakes; load the outside ski.	在仍能刹车的前提下划浅 C，外侧板承重。
263	Shallow C-turns; hip internal rotation steers; the wedge stays.	浅弧 C 弯，髋内旋导向，弯中保持犁。
264	Shallow wedge C-turns	犁式浅弧 C 弯
265	Share	分享
266	Show skis	显示雪板
267	Shin angle	小腿前倾角
268	Short skidded turns	搓雪小弯滑雪
269	Short skidded-turn rhythm	搓雪小弯节奏
270	Short turns on a steep pitch: the upper body faces down the fall line and turn shape controls the speed.	陡坡上的小回转：上身朝向落差线，用转弯弧形控速。
271	Short-carve cadence	小弯频率
272	Short-radius carve	小弯刻滑
273	Short-radius carve cadence	短半径刻滑节奏
274	Short-radius skids for speed control; hockey stop required. Then moguls.	短半径搓雪控速；必须掌握冰球刹。过关可进雪包。
275	Short-turn cadence	短弯节奏
276	Shorten the legs at the crest, lengthen in the trough; stay on snow, do not jump.	包顶缩短腿、沟底伸长；腿贴雪，不要跳。
277	Shorten the radius only after long-radius inclination works.	在大弯能倾之后缩短半径。
278	Show you can stop on command with parallel skis (both directions).	展示能用平行板按指令急停（左右两侧）。
279	Side or rear-quarter, whole run, little occlusion.	从侧面或斜后方拍完整段，少遮挡、光线足够。
280	Sideslip and edge release	侧滑与放平雪板
281	Single-leg strength for the christie close and carve outside ski.	练单腿力量，为半犁收板与刻滑外侧承重做准备。
282	Single-mogul absorption	单包吸收
283	Six large C-turns on a moderate pitch; longer outside leg.	中等坡画 6 个大 C，外侧腿更长。
284	Six long turns on firm blue groomers; shorten the radius only while the track stays clean.	在硬实的中级压雪道上做六个大弧转弯；只有刻痕干净时才缩小半径。
285	Six traverses per side; put the ski down if you wobble.	每侧 6 次斜滑降；失稳就放回双脚，不要硬撑。
286	Skeleton quality	骨骼质量
287	Ski length	雪板长度
288	Ski length band: {low}-{high} cm	板长范围：{low}-{high} 厘米
289	Ski label saved	雪板标注已保存
290	Skill tree	进阶路线
291	Slightly lower in the turn; elastic knees.	入弯略降重心，膝有弹性。
292	Slip down and across, forward then back, with the torso facing downhill.	雪板横置向侧下方滑行，先向前再向后，上身始终朝向山下。
293	Slope	坡度
294	Slope band	坡度等级
295	Slush	湿雪
296	Snow and slope are optional — leave them at not sure and the report still runs.	雪面和坡度可以不填：保持“不确定”也能生成报告。
297	Snow surface	雪面
298	Soft	软雪
299	Soft ankles, knees, and hips; center of mass over mid-foot.	踝膝髋微屈，重心在脚心，不后坐。
300	Soft knees and ankles	膝踝微屈
301	Soft snow	松软雪
302	Soft, ungroomed snow just off a marked run; stay inside the resort boundary.	紧邻雪道的未压雪松软雪面；不要越出雪场界。
303	Some checkpoints for this stage could not be measured in this clip.	本段中该阶段的部分要点无法测量。
304	Specialization and self-coaching	专项化与自我教练
305	Speed	速度
306	Stop labeling skis	结束雪板标注
307	Squats and split squats	深蹲与分腿蹲
308	Stability	稳定性
309	Stability over time (time × frame score)	发挥稳定度（时间 × 当前帧分数）
310	Stable follow-cam, one skier, side or rear-quarter.	画面稳、一人、侧或斜后，才能判定阶段。
311	Stage	阶段
312	Stage cannot be judged when the shot is unstable, occluded, or out of curriculum scope.	镜头不稳、遮挡或非本课程种类时不判定阶段。
313	Stage focus	本阶段动作重点
314	Stage tutorial	本级教程
315	Stance and balance	站姿与平衡
316	Stance width	站距
317	Stance width change	站距开合
318	Stance width varies; not a locked wedge the whole turn.	站距有开合，不是全程死犁。
319	Standard	达标标准
320	Standard: a clean, narrow track on hardpack with no scraped-out tail.	标准：硬雪上留下细窄干净的刻痕，板尾不搓花。
321	Standard: a clear edge change, not an upright scrape.	标准：换刃点清楚，不直立横刮。
322	Standard: both skis surface together; no single-ski dive.	标准：两只板同时浮出雪面，不出现单板下沉。
323	Standard: glide on the outside ski; the inside ski taps the snow without taking weight.	标准：缓坡外侧板滑一段，内侧板轻点雪不承重。
324	Standard: hip over ankle in profile; knees unlocked.	标准：侧面看髋在踝上方，膝不锁死。
325	Standard: hips incline into the turn, shoulders quiet, stance parallel.	标准：髋向弯心倾，肩不甩；站距保持平行。
326	Standard: hips stay near the fall line; the knees still do the work.	标准：髋大致沿落差线，少横切；仍由膝屈伸做功。
327	Standard: knees track over the toes; pelvis level.	标准：膝沿脚尖，骨盆不左右倾倒。
328	Standard: left-right symmetry, even quieter shoulders.	标准：左右对称，肩更静。
329	Standard: linked S-track, no dart to the edge; the wedge stays through the turn.	标准：连续 S 迹，不冲道边；弯中犁式不消失。
330	Standard: no long traverse between turns; knees flex and extend.	标准：弯与弯之间没有长横切；膝有屈伸。
331	Standard: on replay, the wrists stay below the shoulders.	标准：回放里手腕不高于肩。
332	Standard: quiet torso, large knee travel, no straight-leg slam.	标准：上身相对静，膝屈振幅大，落地不砸直腿。
333	Standard: stance narrows in the last third of the turn, still stable.	标准：出弯后半段站距变小，但不失稳。
334	Standard: stop on a mark both ways; skis parallel, not in a wedge.	标准：左右都能停在预定点，板平行、不犁开。
335	Standard: ten stops, tips close, torso facing downhill.	标准：十次停下板头始终相对、上身对山下。
336	Standard: the same count on every turn, with the deepest flexion in the middle of the arc.	标准：每个转弯数同样的拍子，最深的蹲屈落在弧线中段。
337	Standard: the shoulders keep facing down the pitch through every pivot.	标准：每次转板时肩线始终朝向坡下。
338	Standard: the skis start to turn while the shoulders still face downhill.	标准：板开始转时肩仍大体对山下。
339	Standard: the skis stay across the hill and the torso does not turn with them.	标准：雪板始终横向对坡，上身不跟着转。
340	Start analysis	开始分析
341	Static	固定机位
342	Static camera	固定机位
343	Stay centered so you can move onto the new outside ski.	不后坐，才能把重量交给新的外侧板。
344	Stay in a wedge through the turn; load the outside ski.	转弯中仍保持犁式，外侧承重。
345	Stay near the fall line	少横切
346	Stay parallel or inclination becomes banking.	站距保持平行，否则倾会变成内倒。
347	Steep/hard suggestion for fall-line moguls only; still not measured.	仅在雪包落差线课使用的陡/难建议，仍非实测。
348	Steeper groomed red run; for medium and short carve heuristics.	更陡的平整红道；适合中小弯刻滑经验课。
349	Steeps	陡坡
350	Stem	外八字
351	Stemmed transitions	换刃时出现外八字
352	Stop	停止
353	Straight-run a soft slope and bounce six times, then link the bounces into turns.	在松软坡面上直滑并起伏六次，再把起伏连成转弯。
354	Strong	优秀
355	Suggested black run; slope is not measured.	建议黑道；坡度未经实测。
356	Suggested blue run; slope is not measured.	建议蓝道；坡度未经实测。
357	Suggested green run; slope is not measured.	建议绿道；坡度未经实测。
358	Suggested mogul field; bump shape is not measured.	雪包场地建议，非包型实测。
359	Suggested off-piste inside the resort boundary; snow depth is not measured.	建议雪场界内的野雪区域；雪深不做测量。
360	Suggested park terrain; this app does not score air.	公园建议场地，本 App 不评空中。
361	Suggested red run; slope is not measured.	建议红道；坡度未经实测。
362	Suggested trail rating	建议雪道级别
363	Suggested: {snow} / {terrain}	建议：{snow} / {terrain}
364	Summary	总结
365	Switch alpine	倒滑双板
366	Symptom	表现
367	Tactic	策略
368	Tech: skeleton criteria (from knowledge base)	技术专家：骨骼判定（知识库）
369	Ten linked parallel turns on a blue run, counting one-two through every turn.	在中级道上做十个连贯的平行式转弯，每个转弯数“一—二”。
370	Ten short turns on a blue run; quiet shoulders, hands low.	蓝道平整处 10 个短弯一组，肩静手低。
371	Terrain	地形
372	Terrain and venue	地形与场地
373	Terrain needed	所需地形
374	Terrain, slope and snow are optional — set Terrain to Mogul run for mogul detection.	地形、坡度与雪况为可选项——需检测雪包滑行时请将地形设为「雪包道」。
375	Terrain park	技巧公园
376	Groomed piste	压雪道
377	Mogul run	雪包道
378	Test it	自测方法
379	The allowance is {n}	允许上限为 {n} 个
380	The camera follows the skier, so turn rhythm is measured from the body rather than the track.	镜头跟着滑者移动，转弯节奏只能从身体判断，不能从轨迹判断。
381	The camera pans during the clip; a fixed camera measures rhythm more reliably.	拍摄过程中镜头有摇动；固定机位测节奏更可靠。
382	The clip is too short to judge rhythm. Film a whole run of at least eight turns.	本段太短，无法判断节奏。请拍完整一趟、至少八个转弯。
383	The question to answer	要回答的问题
384	The shoulders keep facing down the pitch while the legs turn underneath.	双腿在身体下方转弯，肩线始终朝向坡下。
385	The shoulders stay square to the fall line while the skis slip.	雪板侧滑时，肩线始终正对落差线。
386	The skeleton is weak in this clip: get closer, keep the skier unoccluded, and avoid flat light.	本段骨骼质量差：请靠近一些拍，避免遮挡和平光。
387	The skeleton was too small or incomplete to measure.	骨骼太小或不完整，无法测量。
388	The {joints} could not be tracked in this clip.	本段视频中无法追踪到{joints}。
389	This clip is still processing. Play it when it is done.	该条目仍在处理中，完成后才可播放。
390	Three-quarter view	四分之三视角
391	Throwing the shoulders wrecks inclination.	甩肩会破坏内倾。
392	TikTok	TikTok
393	Tip the body into the turn (hips inside the arc). Heuristic only — not a measured edge angle or FIS score.	向弯心倾斜身体（髋在弧内）。仅为经验估分——非实测刃角或 FIS 得分。
394	Tips close, tails open, stance wider than the hips.	板头近、板尾开，站距宽于髋。
395	Torso downhill	上身对山下
396	Torso faces downhill	上身朝向山下
397	Train {name}.	重点训练{name}。
398	Train {name}: the standard is {standard}.	重点训练{name}：标准是{standard}。
399	Training emphasis	训练重点
400	Training venue	训练场地
401	Trim video (max 2 minutes)	剪切视频（最长 2 分钟）
402	Trough fall-line rhythm	沟底落差线节奏
403	Turn amplitude	转弯幅度
404	Turn durations stay close to each other; no long traverse between turns.	每个转弯的用时接近一致；转弯之间不夹长横切。
405	Turn faults	转弯问题
406	Turn instead of side-slipping the pitch	用转弯而不是横滑下坡
407	Turn rate	转弯频率
408	Turn shape	转弯弧形
409	Turn-by-turn	逐弯分析
410	Turns detected	检测到的转弯
411	Turns led by the shoulders	用肩带转
412	Two-footed powder bounce	粉雪双脚起伏
413	Two-footed, rounder turns in soft snow; flex and extend to make the skis surface.	在松软雪中双脚均匀受力、转弯更圆；靠蹲伸让雪板浮起来。
414	Unknown	未知
415	Undo label point	撤销标注点
416	Unlike	Unlike
417	Unscored when the head is not visible in 2D pose.	2D 头关键点不可靠则不计分。
418	Unspecified	未指定
419	Unstable camera, occlusion, or out-of-scope terrain: no stage claim.	镜头不稳、遮挡或非本课程种类时不判定阶段。
420	Unsupported file type.	不支持的文件类型。
421	Up-and-down movement	上下起伏
422	Uploading and loading…	正在导入视频…
423	Upper body down the fall line	上身朝向落差线
424	Upper-body rotation	上身旋转
425	Upper-lower separation	上下分离
426	Usable frames	可用帧
427	View	拍摄视角
428	View angle {deg:.0f}°	视角 {deg:.0f}°
429	Visual Pose	Visual Pose
430	Visual Pose — Windows	Visual Pose — Windows
431	Warning	警告
432	Weakest checkpoint	最弱要点
433	Wedge angle	犁式角度
434	Wedge christie	半犁式滑雪
435	Wedge glide	犁式直滑
436	Wedge stance	犁式站距
437	Wedge through the turn	弯中保持犁
438	Wedge to start, close the inside ski to finish.	入弯犁、出弯收内侧板。
439	Wedge to start, gradually match at the finish; do not snap shut.	入弯犁、出弯逐渐并板，禁止突然并死。
440	Wedge turns	犁式转弯
441	Wedge-glide on a green run, then open the tails and edge to a stop.	绿道犁式直滑，匀速后再推开板尾立刃停下。
442	Weibo	微博
443	Weight	体重
444	What the clip itself could tell us	这段视频本身能告诉我们什么
445	Why	原因
446	Why it matters	为什么重要
447	Why this stage	为何判定为该级别
448	Wrists below the shoulders.	手腕低于肩。
449	X	X
450	You have it when	达成标志
451	YouTube	YouTube
452	Your skis at {own} cm sit inside that band.	你现用的 {own} 厘米雪板在该范围内。
453	Your skis at {own} cm sit outside that band.	你现用的 {own} 厘米雪板不在该范围内。
454	at least {value}	不低于 {value}
455	at most {n} of {total}	{total} 个中最多 {n} 个
456	at most {value}	不超过 {value}
457	carve	刻滑
458	each side	左右各做
459	hockey stop	冰球刹
460	left ankle	左脚踝
461	left foot	左脚
462	left heel	左脚跟
463	left hip	左髋
464	left knee	左膝
465	left shoulder	左肩
466	left wrist	左手腕
467	mogul	雪包
468	ollie	豚跳
469	one-ski	单脚滑
470	parallel	平行
471	park	公园
472	race gates	旗门
473	right ankle	右脚踝
474	right foot	右脚
475	right heel	右脚跟
476	right hip	右髋
477	right knee	右膝
478	right shoulder	右肩
479	right wrist	右手腕
480	skid	搓雪
481	switch	倒滑
482	wedge	犁式
483	wedge christie	半犁
484	{fault} in {n} of {total} transitions	{total} 次换刃中有 {n} 次出现{fault}
485	{head} and {tail}	{head}和{tail}
486	{lo} to {hi}	{lo} 到 {hi}
487	{n} flagged	{n} 个有问题
488	{n} min	{n} 分钟
489	{n} more rows in the full module	完整模块中还有 {n} 行
490	{n} of {total} turns	{total} 个转弯中有 {n} 个
491	{n} of {total} turns carried this fault	{total} 个弯中有 {n} 个出现该问题
492	{n} reps	{n} 次
493	{n} runs	{n} 趟
494	{n} sessions	{n} 次训练
495	{n} sets	{n} 组
496	{n} turns	{n} 个弯
497	{n} turns · {left} left / {right} right	{n} 个弯 · 左 {left} / 右 {right}
498	{sec:.1f}s	{sec:.1f}秒
499	{sec:.1f}s  σ {std:.0f}	{sec:.1f}秒  σ {std:.0f}
500	{status} (failed, retry)	{status}（失败，可重试）
501	—	—
502	Predicted passed	预判已通过
503	Predicted passed based on {current} result	根据{current}表现预判为已通过
504	Correct result	纠正检测结果
505	Select the actual stage:	选择实际阶段：
506	Detected stage: {name}	检测阶段：{name}
507	Note (optional):	备注（可选）：
508	e.g. This is a mogul skiing clip, not a basic glide	例如：这是蘑菇滑雪视频，不是基本滑行
509	Your correction is saved locally and helps improve the detection algorithm.	您的纠正已保存到本地，将用于改善检测算法。
510	Wedge mogul run	犁式雪包滑行
511	Navigate mogul terrain with wedge or semi-parallel; absorb bumps and stay rhythmic. Early entry into mogul skiing after wedge turns.	以犁式或半犁在雪包地形中保持节奏，吸收冲击。从犁式转弯直接进入雪包训练的早期入口。
512	From wedge mogul or skid branch: absorb actively, stay on snow, do not jump.	从犁式雪包或搓雪枝进入：主动吸收贴雪，保持节奏，不要跳。